,noncurrentdeferredrevenue,accruedexpenses,totalnoncurrentliabilities
0,0.01,0.01,0.01
1,0.09462450419652446,0.0782794032164309,0.17096586814108838
2,0.2020960708259374,0.155416636922669,0.3643277432957199
3,0.3323362478907809,0.2570391295036661,0.4302679560685434
4,0.4730348651195409,0.42622298820098103,0.6232210664457902
5,0.6191736243507988,0.7239213126791013,0.6096350160816668
6,0.7974875638244254,1.0,0.8673289373191484
7,1.0,0.9781152163493404,1.0
