,earningsyield,rnnoa,dfcfnwc
0,1.0000000000000002,0.7285475150871641,0.929285081934633
1,0.5722333909953715,0.5917066643552877,1.0
2,0.4204731403992708,0.3902618720001733,0.5838045854486982
3,0.6396512225910516,0.2479224676858401,0.5784296012574752
4,0.41154331665809535,0.22784326684507614,0.5965780772913694
5,0.4349431951002852,0.01,0.29701530289616795
6,0.6879470755996073,0.05512096817881396,0.4393575313013785
7,0.01,1.0,0.01
