,evtoocf,assetturnover,roicnnepspread
0,0.01,0.01,0.642740670731074
1,0.8664348604882417,0.8247250452457191,0.9131137722477832
2,0.9999999999999998,0.9204371432549074,0.9629044933511972
3,0.6766435519028521,0.9218989280245024,0.8524661674438893
4,0.5953335835786395,0.9150076569678408,0.7156541999453001
5,0.9549031616518824,0.928790199081164,0.01
6,0.6414643301657545,0.9565641097034666,0.9765275282240892
7,0.4995488999084629,1.0,1.0
