,noncurrentdeferredrevenue,adj_close,commonequity
0,0.01,0.0,0.01
1,0.09462450419652446,0.2087700176071099,0.0779035732985417
2,0.2020960708259374,0.418512618428775,0.19567593395305985
3,0.3323362478907809,0.3509683910455269,0.3959068292948107
4,0.4730348651195409,0.7455688773371341,0.5435868604241951
5,0.6191736243507988,1.0,0.7139601555324755
6,0.7974875638244254,0.6568122746709146,0.9052284776643806
7,1.0,0.4848830384841117,1.0
