,purchaseofinvestments,repaymentofdebt,netincome
0,1.0000000000000002,0.9960257882098734,0.01
1,0.3728060247386149,0.9955842091230628,0.3113256865217258
2,0.01,1.0,0.5698822227005751
3,0.36229140509839897,1.0,0.5649312709492913
4,0.4784872115725659,1.0,0.245518004858698
5,0.8115393319180356,0.9408284023585548,0.4415572434576709
6,1.0000000000000002,0.5699902852550561,0.9928657092776532
7,1.0000000000000002,0.01,1.0
